Symbol	Rank	DevE10.5affy430	DevE11.5affy430	DevE12.5affy430	DevE16.5affy430	DevE17.5affy430	DevE19.5affy430	DevP0affy430	DevP2affy430	DevP56affy430	DevP28Epiaffy430	DevE9.5alumi2	DevE9.5blumi2	DevE10.5alumi2	DevE10.5blumi2	DevP4lumi2	DevP8lumi2	DevP12lumi2	DevP20lumi2	DevP30lumi2	DevP42lumi2	DevP52lumi2	DevP60lumi2	DevE9.5lumi1	DevE10.25lumi1	DevE15.5affy430a	DevP0aaffy430a	DevP0baffy430a

Aars	-	1.24	1.02	-1.16	-1.21	-1	-1.79	-1.79	-1.99	-3.93	-1.36	-2.6	-2.79	-2.44	-2.99	-1.69	-1.57	-1.67	-1.97	-2.06	-2.54	-2.1	-2.76	-2.42	-2.6	1.49	-2.45	-2.43
Acin1	-	1.76	1.79	1.21	-2.84	-1.41	-2.02	-1.24	-1.56	-3.32	-1.32	1.03	1.11	1.06	1.42	-1.05	-1.02	-1.06	-1.06	-1.09	-1.1	-1.09	-1.2	1.09	-1.38	-3.02	-5.63	-10.17
Aco1	-	-1.01	-1.26	-1.38	-1.74	-2.19	-2.09	-2.85	-4.19	-2.06	-1.53	1.05	1.22	1.16	1.2	-1	-1.04	-1.08	-1.06	-1.02	-1.05	-1.04	-1.1	1.13	1.35	-1.91	-2.87	-2.59
Aimp1	-	1.05	1.09	-1.03	1.02	1.07	-1.03	1	-1.06	1.71	1.12	-	-	-	-	-	-	-	-	-	-	-	-	-	-	-1.77	-1.03	1.16
Alyref	-	1.21	1.11	-1.15	-1.38	-3.33	-1.63	-4.01	-1.63	-5.8	-7.29	-	-	-	-	-	-	-	-	-	-	-	-	-	-	-2.52	-3.53	-7.36
Apex1	-	-1.08	-1.02	-1.11	-1.09	1.27	-1.13	1.25	1	-1.72	-1.45	-1.12	-1.19	-1.32	-1.33	1.13	-1.18	-1.11	-1.21	-1.04	-1.39	-1.37	-1.4	-	-	2.27	1.08	-1.05
Caprin1	-	-1.03	1.07	-1.02	-2.24	-1.4	-1.98	-1.52	-1.76	-1.95	-4.89	2.5	6.04	4.81	6.2	1.15	-1.64	-1.31	-1.65	1.3	-1.67	-1.49	-2.03	2.91	2.44	-1.03	1.03	1.07
Caprin2	-	3.14	4.3	17.7	54.87	65.03	40.36	73.77	31.3	14.67	16.25	1.1	1.09	1.09	1.01	7.88	4.75	3.08	2.68	2.83	1.34	1.33	1.02	1.26	1.2	34.04	39.26	43.8
Carhsp1	-	-1.02	1.71	3.98	5.07	4.9	4.87	5.37	5.37	4.5	2.07	-2.64	-2.35	-2.53	-1.94	6.85	5.92	5.58	6.05	6.5	5.09	4.81	4.04	-1.6	-1.9	5	8.79	10.89
Cdc5l	-	-1.24	-1.39	-1.62	-1.72	-1.61	-1.45	-1.88	-1.76	-2.24	-1.7	-1.94	-2.79	-2.46	-2.59	-1.52	-2.15	-1.92	-2.31	-1.53	-2.33	-2.25	-2.7	-1.45	-1.82	-1.51	-1.87	-1.79
Celf1	-	1.55	1.63	1.99	1.34	1.5	2.2	1.63	1.05	1.35	-1.15	-	-	-	-	-	-	-	-	-	-	-	-	-	-	1.7	2.06	1.92
Cirbp	-	-1.71	-1.47	-1.53	-1.15	-2.6	-1.6	-1.15	1.31	1.3	-1.31	-1.23	-1.34	-1.06	-1.22	1.35	1.25	1.07	1	1.12	1.35	1.68	1.73	-2.77	-2.3	-1.01	-1.12	-1.24
Cotl1	-	1.71	1.96	1.66	-1.12	1.58	-1.05	1.42	-2.71	1.05	1.53	-1.44	-1.7	1.6	1.02	7.67	7.46	6.62	5.36	4.53	4.79	3.69	3.74	-	-	3.62	4.11	4.1
Cryz	-	-1.41	-1.9	-1.31	1.83	1.46	1.97	1.68	1.39	1.81	3.43	-1.07	-1.18	-1.11	-1.17	1.45	1.39	1.37	1.43	1.36	1.23	1.28	1.29	-1.21	-1.61	4.43	6.4	8.21
Csde1	-	-1.16	-1.22	-1.31	-3.07	-1.7	-1.69	-1.9	-1.82	-2.42	-1.47	-1.59	1.83	2.14	3.52	-1.03	-1.1	1	-1.12	-1.27	-1.23	-1.32	-1.72	1.14	-1.17	1.24	1.54	1.25
Cstf2t	-	-1.14	-1.27	-1.29	-1.21	-1.17	-1.22	-1.3	-1.46	-1.56	-1.2	1.34	1.28	1.25	1.27	1.01	1.04	1.02	1.02	1.04	1.02	1	1.05	2.15	2.48	1.46	1.72	1.48
Dazap1	-	1.38	1.45	1.04	-1.47	-2.03	-1.82	-2.44	-2.19	-1.76	-2.78	-1.17	2.83	2.83	3.27	-1.31	-1.36	-1.47	-1.46	-1.43	-1.69	-1.76	-1.87	1.43	1.54	-2.72	-3.57	-3.9
Ddx1	-	1.01	1.08	-1.07	-1.16	-1.08	-1.35	-1.21	-1.23	1.01	-1.3	-2.18	-1.9	-1.85	-1.91	-1.05	-1.32	-1.13	-1.18	1.34	-1.02	1.01	-1.4	1.26	-1.23	-1.08	1.17	1.28
Ddx17	-	1.15	-1.02	-1.08	-1.19	-1.22	1.01	-1.35	-1.89	-1.43	1.04	-1.32	2.37	3.84	11.19	-1.66	-2.25	-2.36	-2.61	-2.48	-2.94	-2.73	-4.22	1.11	1.07	1.36	1.13	-1.01
Ddx19a	-	1.47	1.81	1.59	1.3	-1.11	-1.31	-1.07	1.2	-2.37	-2.89	1.15	1.01	1.09	1.01	1.21	1.08	1.08	1.01	1.09	-1.03	-1.02	1.02	1	1.28	-1.15	-1.42	-1.69
Ddx19b	-	1.59	1.93	1.94	3.46	2.33	3.3	2.25	1.25	1.81	3.74	1.46	1.43	2.31	1.47	1.01	1.02	1.01	-1.09	-1.02	-1.03	-1.03	-1.09	2.59	1.92	2	2.35	2.58
Ddx21	-	1.13	1.09	1.17	-1.52	-2.09	-2.42	-2.69	-2.56	-2.59	-4.54	2.16	2.6	3.76	3.5	-1.29	-2.05	-1.72	-2.11	-1.17	-2	-1.67	-1.87	1.61	1.32	3.79	5.47	5.25
Ddx39b	-	1.27	1.21	-1.07	-2.01	-1.95	-1.68	-2.78	-1.58	-4.12	-2	-	-	-	-	-	-	-	-	-	-	-	-	-	-	-1.88	-1.84	-1.41
Ddx3x	-	-1.03	1.05	-1.02	-1.19	-1.49	-1.19	-1.42	-1.62	-1.46	-1.3	9.04	17.46	25.28	7.5	1.52	-1.1	-1.12	-1.27	1.22	-1.25	-1.19	-1.19	5.67	5.58	1.52	1.87	1.63
Ddx42	-	1.1	1.13	1.01	-1.25	-1.64	-1.16	-1.68	-1.43	-2.21	-2.03	1.64	1.36	1.32	1.36	1	-1.01	1.01	1	1	-1.01	1.01	1.05	2.13	1.83	3.62	5.17	4.88
Ddx5	-	1.21	1.1	1.06	-2.48	-1.94	-1.87	-1.91	-1.89	-3.18	-2.71	1.5	-1.23	-1.17	-1.18	1.59	1.65	1.3	1.4	1.09	1.34	1.07	1.24	9.29	8.83	-1.53	1	-1.39
Ddx6	-	-1.01	-1.33	-1.21	-1.68	-1.98	-3.11	-2.33	-2.1	-2.45	-2.07	1.8	3.41	10.17	3.29	-1.63	-1.54	-2.01	-2.05	-2.54	-1.8	-1.73	-2.95	1.8	2.05	1.83	2.44	2.19
Dhx36	-	1.04	-1.02	-1.22	-2.11	-1.65	-1.43	-1.6	-1.96	-2.82	-2.74	-1.21	2.01	1.65	2.31	-1.31	-1.45	-1.37	-1.61	-1.38	-1.67	-1.63	-1.79	1.04	1.36	-1.17	-2.16	-2.62
Dhx9	-	1.11	-1.14	-1.36	-2.13	-3.31	-2.41	-4.19	-2.89	-14.06	-3.56	-1.12	-1.27	-1.15	-1.15	-1.16	-1.24	-1.32	-1.34	-1.31	-1.36	-1.33	-1.32	3.03	1.74	-1.2	1.12	1.03
Dis3l2	-	1.24	1.32	1.55	2.23	1.94	1.69	2.06	2.01	-1.14	-1.69	-1.29	-1.22	-1.23	-1.19	1.66	1.55	1.59	1.48	1.41	1.3	1.32	1.34	-	-	-	-	-
Dkc1	-	1.06	1.28	1.15	-1.38	-1.9	-1.64	-2.5	-2.88	-5.79	-1.89	2.4	2.27	1.4	1.46	1.07	1.03	1.04	1.02	1.01	1.03	1.05	1.01	3.52	2.55	-	-	-
Dus3l	-	1.25	1.07	1.02	-1.91	-1.66	-1.75	-1.87	-2.37	-1.9	-1.34	-1.16	-1.1	-1.09	-1.07	1.03	-1	-1.04	1.04	-1.07	-1.05	-1.05	-1.08	-1.69	-1.87	-3.12	-3.2	-3.73
Eef1g	-	-	-	-	-	-	-	-	-	-	-	1.46	1.04	-1.29	-2.72	1.33	1.13	-1.02	1.07	1.16	-1.02	-1.16	1.21	1.07	-1.04	-	-	-
Eif2s1	-	1.03	-1.2	1.02	-1.23	-1.05	-1.33	-1.24	-1.21	1.77	-1.58	1.15	1.08	1.03	1.07	-1.05	-1	1.02	1.01	1.03	-1.01	-1.01	1	1.29	1.46	-1.46	-1.5	-1.41
Eif3a	-	1.18	1.21	1.13	-1.59	-1.34	1.02	-1.42	-1.86	-2.3	-2.36	-2.73	-1.75	-1.22	-1.71	1.16	-1.36	-1.23	-1.5	1.05	-1.53	-1.46	-2.16	-1.85	-1.93	1.9	1.95	2.02
Eif3b	-	1.41	1.51	1.47	1.32	1.43	1.08	1.38	-1.04	1.1	-1.08	-2.02	-2.37	-2.24	-2.44	-1.35	-1.47	-1.38	-1.33	-1.5	-1.24	-1.38	-1.26	-2.46	-2.77	1	-1.45	-1.05
Eif3d	-	1.2	1.3	1.18	-1.36	1.07	-1.54	-1.2	-1.12	-1.58	-2.49	2.46	3.86	3.16	1.73	1.1	-1.04	-1.23	-1.35	-1.43	-1.67	-1.79	-1.55	1.04	1.12	-2.31	-1.04	-1.18
Eif3g	-	-1.01	-1.09	-1.09	-1.06	1.19	-1	1.05	1.04	1.06	-1.09	-	-	-	-	-	-	-	-	-	-	-	-	-2.19	-3.37	1.53	-1.27	-1.54
Eif4a1	-	-1.01	-1	-1.02	-1.58	-1.32	-1.72	-1.6	-1.41	-3.39	-17.15	1.68	1.31	2.29	2.36	-1.14	-1.58	-1.79	-1.91	-2.07	-2.43	-2.74	-2.53	-2.92	-1.21	-7.43	-1.54	-2.29
Eif4a2	-	1.15	1.11	1.11	-1.33	-1.03	-1.2	-1.02	-1.16	1.66	-1.49	11.76	32.4	34.97	32.07	1.48	1.18	1.64	1.5	2.5	1.67	1.83	-1.01	2.28	2.45	-1.52	-1.29	-1.51
Eif4a3	-	-	-	-	-	-	-	-	-	-	-	-1.82	-2.21	-1.94	-3.24	-1.63	-1.79	-2.2	-2.32	-2.71	-2.53	-2.59	-2.39	-1.84	-2.2	-	-	-
Eif4b	-	-1.15	-1.02	-1.05	-1.48	-1.17	-1.23	-1.06	-1.38	1.11	-4.18	1.11	1.17	1.31	1.03	-1.1	-1.04	-1	1.07	1.11	1.17	1.16	1.34	6.75	4.91	1.03	1.43	1.58
Eif4e	-	1.21	1.25	1.29	1.3	1.2	1.09	1.32	1.5	-2.19	-4.79	3.57	3.94	5.42	3.4	1.03	1.15	1.16	1.03	1.05	-1.03	-1.02	-1.09	4.22	4.94	4.08	6.12	6.35
Eif4g1	-	1.19	1.33	1.19	1	-1.33	-1.65	-1.43	-1.11	-3.02	-2.48	-4.13	-4.38	-4.54	-4.58	-1.35	-1.52	-1.37	-1.56	-1.96	-1.97	-1.89	-2.25	-3.29	-3	-3.05	-3.83	-4.5
Eif4g3	-	1.59	1.85	1.81	2.26	1.76	2.11	1.76	1.13	-2.04	2.1	-	-	-	-	-	-	-	-	-	-	-	-	-	-	-1.17	1.95	2.11
Eif4h	-	1.1	-1.01	-1.03	-1.3	1.01	-1.83	-1.07	-1.51	-1.14	-1.21	1.23	-1.55	-2.71	-1.45	-1.85	-2.16	-2.24	-2.27	-2.13	-2.1	-1.98	-1.95	-2.28	-2.49	1.14	-1.31	-1.34
Eif5a	-	1.19	1.21	1.16	1.08	-1.03	-1.18	-1.21	-1.28	-1.46	-3.37	2.81	55.6	541.94	243.37	1.41	-1.17	-1.15	-1.31	-1.18	-1.19	-1.14	-1.8	4.94	2.51	-1.34	-1.25	-1.32
Elavl1	-	1.09	1.06	-1.08	-1.84	-1.96	-1.99	-2.58	-1.89	-3.9	-3.13	1.33	1.48	2.18	2.2	-1.2	-1.94	-1.72	-2.22	-1.23	-2.18	-2.36	-2.49	2.05	1.77	1.61	1.68	1.47
Ephb4	-	1.12	1.14	-1.27	-1.47	-2.89	-2.19	-3.01	-2.08	-2.85	-3.36	6.12	8.43	3.85	3.14	-2.16	-2.35	-2.34	-2.31	-1.79	-2.47	-2.35	-2.11	3.18	4.06	-2.81	-5.08	-4.62
Eprs	-	1.36	2.07	2.05	2.44	1.51	1.93	1.13	1.07	-1.59	3.11	-1.16	1.7	1.58	-1.17	1.01	-1.1	-1.08	-1.07	-1.15	-1.11	-1.1	-1.07	-	-	1.88	-1.11	1.09
Ewsr1	-	1.16	1.36	1.13	-1.06	-1.4	1.17	-1.45	-1.71	-3.61	-1.46	-	-	-	-	-	-	-	-	-	-	-	-	3	3.13	3.07	3.31	3.1
Exosc3	-	-1.17	-1.39	-1.86	-2.75	-2.68	-3.31	-3.76	-1.89	-5.21	-5.66	2.4	2.55	2.18	2.34	1.06	1.04	1.02	1.08	1.03	1.04	1.01	1.04	5.17	4.61	-	-	-
Exosc4	-	1.16	1.12	1.22	1.46	1.38	1.09	1.18	1.25	-1.27	-2.17	-1.09	-1.79	-1.98	-1.97	-1.03	1.01	-1.13	-1.26	-1.28	-1.19	-1.24	-1.22	-2.65	-3.46	7.88	6.28	7.52
Exosc6	-	-	-	-	-	-	-	-	-	-	-	1.79	2.04	1.93	2.12	-1.07	-1.13	-1.16	-1.17	-1.06	-1.09	-1.07	-1.07	1.76	1.68	-	-	-
Fam120a	-	-1.03	1.41	1.78	1.37	1.21	1.21	1.13	1.19	1.3	-2.55	2.54	2.15	3.42	3.02	1.18	-1.07	-1.06	-1.09	1.4	-1.15	-1.05	-1.15	1.78	1.93	2.31	1.89	1.46
Fbl	-	1.05	1.02	-1.11	-1.61	-1.64	-2.08	-2.13	-1.77	-3.56	-4.9	-	-	-	-	-	-	-	-	-	-	-	-	-	-	-1.83	-1.96	-1.72
Fbll1	-	-1.52	-1.36	-1.34	-1.51	-1.7	-2.01	-1.72	-1.37	-1.09	-1.06	-	-	-	-	-	-	-	-	-	-	-	-	-	-	-	-	-
Fip1l1	-	2.98	2.38	1.85	1.25	1.27	1.02	1.12	-1.2	-1.32	1.17	3.18	2.54	1.64	1.45	1.64	1.23	1.29	1.22	1.31	1.14	1.13	1.15	13.53	23.49	1.91	2.81	4.52
Fmr1	-	-1.1	-1.64	-1.59	-2.2	-2.35	-1.97	-2.62	-1.74	-2.54	-3.39	1.32	1.36	1.17	1.22	-1.07	-1.05	-1.05	-1.04	-1.12	-1.07	-1.12	-1.12	1.69	1.12	2.61	2.9	2.4
Fubp1	-	1.14	1.17	-1.05	-2.39	-2.94	-3.41	-3.57	-2.98	-3.81	-8.43	1.08	1.43	1.33	1.18	-1.08	-1.29	-1.39	-1.34	-1.09	-1.41	-1.38	-1.34	-	-	1.07	-1.49	-2.22
Fubp3	-	-1.09	-1.27	-1.25	-1.06	-2.11	-1.27	-2.33	-2.59	-2.16	-1.23	1.67	2.08	3.05	4.23	-1.27	-1.53	-1.56	-1.76	-1.08	-1.68	-1.67	-1.4	1.82	2.01	-	-	-
Fus	-	-1.06	-1.1	-1.17	-1.92	-2.57	-38.06	-2.69	-2.52	-5.97	-15.26	1.5	1.85	5.36	1.34	-2.24	-2.38	-2.3	-2.62	-2.96	-2.87	-2.96	-2.83	-1.36	-1.28	-1.57	-1.34	-1.06
Fxr1	-	-1.1	-1.21	-1.26	-1.05	1.07	1.02	1.28	1.04	1.69	-2.23	-	-	-	-	-	-	-	-	-	-	-	-	-	-	-1.39	1.55	1.34
G3bp1	-	1.28	1.56	1.25	1.31	-1.21	1.02	-1.42	-1.17	-3.51	-2.5	-1.89	-1.2	1.55	1.43	-3.72	-4.02	-3.24	-4.09	-5.43	-3.9	-4.28	-5.15	-1.44	-1.49	1.68	1.08	-1.02
G3bp2	-	1.03	-1.15	-1.54	-1.4	-1.5	-1.28	-1.54	-2.57	-3.07	-1.13	-1.18	1.55	4.16	3.85	-1.83	-1.66	-1.82	-2.08	-3.1	-2.49	-2.39	-3.71	1.09	1.1	2.22	3.13	2.5
Gapdh	-	1.39	1.29	1.11	-1.04	-1.25	-1.2	-1.24	1.06	-1.06	-17.01	-1.71	-3.09	-8.99	-15.89	1.09	1.04	1.13	1.45	1.78	1.32	1.34	1.28	-3.54	-3.5	1.16	1.12	1.04
Hdlbp	-	1.39	1.54	1.42	-1.11	-1.27	-1.16	-1.61	-1.73	-2.42	-1.41	-3.47	-2.92	-1.94	-1.68	-1.85	-2.16	-2.22	-2.51	-2.18	-2.17	-2.22	-2.95	-1.4	-1.54	-1.81	-1.87	-1.89
Hnrnpa0	-	-1.16	-1.17	-1.63	-2.5	-3.1	-2.5	-3.89	-2.74	-3.72	-2.93	-	-	-	-	-	-	-	-	-	-	-	-	-	-	-	-	-
Hnrnpa1	-	-1.03	-1.05	-1.47	-3.56	-4.51	-3.54	-4.9	-3.24	-7.23	-6.14	-	-	-	-	-	-	-	-	-	-	-	-	-	-	-1.25	1.09	1.3
Hnrnpa2b1	-	1.18	1.1	-1.06	-1.7	-2.29	-1.65	-2.82	-2.11	-4.11	-2.83	-2.17	-7.64	-5.8	-8.95	-2.28	-2.47	-2.65	-2.62	-3.01	-3.03	-3.41	-3.53	-4.52	-2.71	-1.3	-1.05	-1.33
Hnrnpa3	-	-1.1	-1.12	-1.13	-1.73	-3.49	-2.31	-4.33	-3.14	-4.14	-6.23	-	-	-	-	-	-	-	-	-	-	-	-	-	-	1.09	1.17	-1.03
Hnrnpab	-	-1.3	-1.8	-1.36	-5.28	-1.59	-16.36	-1.55	-2.24	-1.65	-23.28	3.19	7.49	8.36	8.11	-2.8	-4.57	-4.75	-6.18	-4.1	-6.15	-5.19	-9.51	1.3	1.52	-3.89	-2.15	-1.85
Hnrnpc	-	-1.11	-1.15	-1.36	-3.71	-2.3	-2.22	-3.05	-3.3	-2.82	-2.9	-1.58	2.83	4.05	5.46	-2.83	-4.37	-3.69	-4.06	-3.25	-4.5	-4.35	-7.79	1.21	1.03	-2.6	-3.82	-4.89
Hnrnpd	-	1.21	1.03	-1.31	-2.03	-3.45	-2.71	-5.08	-2.72	-2.65	-4.86	6.81	5.64	4.59	2.38	1.04	-1.05	-1.08	-1.1	-1.01	-1.07	-1.08	-1.12	6.35	6.85	-1.87	-2.78	-3.6
Hnrnpdl	-	1.02	-1.06	-1.25	-2.19	-1.71	-1.47	-1.82	-1.54	1.16	-1.09	-	-	-	-	-	-	-	-	-	-	-	-	-	-	-3.27	1.06	1.04
Hnrnpf	-	1.03	-1.03	-1.01	1.22	-1.18	-1.15	-1.37	-1.66	-1.54	-1.33	3.02	3.65	3.89	1.7	-1.46	-1.26	-1.46	-1.3	-1.41	-1.41	-1.63	-1.36	-	-	-1.07	-1.09	-1.48
Hnrnph1	-	1.2	1.09	-1.12	-2.25	-2.45	-1.77	-2.96	-2.56	-3.74	-4.64	-1.46	-1.99	-1.53	-1.71	-2.03	-2.99	-3.03	-3.04	-2.24	-3.48	-3.27	-4.91	3.02	3.98	-1.49	-1.43	-1.95
Hnrnph2	-	1.01	1	1.04	-1.05	-1.76	-1.44	-2.07	-2.6	-3.18	-1.75	1.61	1.55	1.83	2.34	-1.02	1.02	-1.01	-1.01	-1.01	-1.02	1	1.03	5.31	4.22	1.25	1.6	1.31
Hnrnph3	-	1.02	-1.38	-2.22	-1.47	-1.57	-1.8	-1.42	-1.38	1.51	-1.65	1.24	1.05	-1.08	-1.03	1.28	1.33	1.36	1.65	1.46	1.7	1.39	1.81	-	-	-1.71	1.26	1.38
Hnrnpk	-	-1.13	-1.27	-1.39	-1.25	-1.74	-1.63	-1.7	-2.05	-1.92	-2.04	4.85	2.47	4.24	1.25	1.17	1.07	-1.08	-1.07	-1.06	-1.26	-1.31	-1.06	1.96	2.58	1.66	2.23	2.08
Hnrnpl	-	1.11	2.22	1.64	1.74	-2.18	1.31	-2.42	-1.72	-4.74	-3.67	-	-	-	-	-	-	-	-	-	-	-	-	-	-	-1.33	-3.34	-6.08
Hnrnpll	-	-1.04	-1.18	-1.58	-4.07	-3.63	-4.08	-4.41	-3.03	-5.79	-6.5	-	-	-	-	-	-	-	-	-	-	-	-	-	-	1.34	-1.62	-1.89
Hnrnpm	-	1.03	-1.09	-1.18	-2.27	-2.32	-2.52	-2.88	-2.98	-6.58	-5.05	-	-	-	-	-	-	-	-	-	-	-	-	-	-	-1.6	-1.81	-2.1
Hnrnpr	-	-1.07	-1.08	-1.15	-1.4	-1.82	-1.53	-1.87	-2.5	-2.69	-2.21	2.71	3.55	2.73	2.68	1.01	1.01	-1.04	1.03	1.05	-1.02	1.02	-1.05	8.91	7.33	-1.28	-1.25	-1.34
Hnrnpu	-	1.07	1.13	-1.02	-2.1	-2.18	-2.21	-2.76	-2.8	-2.96	-2.23	-	-	-	-	-	-	-	-	-	-	-	-	-	-	1.39	1.92	1.69
Hnrnpul1	-	-1.05	1.18	-1.03	1.16	-1.65	-1.18	-1.56	-1.32	-1.76	-1.76	1.13	1.37	1.41	1.49	1.04	-1.01	1.04	1.05	1.1	1.02	1.02	1.12	2.29	2.74	-1.03	-1.12	-1.19
Igf2bp1	-	1.59	1.61	1.19	-1.46	-1.39	-1.75	-1.6	-1.84	-1.44	-2.66	1.12	2.77	1.48	1.1	-3.55	-4.53	-4.84	-5.25	-5.38	-5.59	-5.51	-5.72	2.36	2.03	-1.94	-2.97	-2.94
Igf2bp2	-	1	-1.17	-1.35	-1.33	1.21	-1.38	1.27	-1.52	-21.48	-2.4	-2.37	-3.6	-4.34	-4.03	-1.78	-1.95	-1.69	-1.68	-2.34	-3.65	-4.22	-4.9	-	-	4.49	5.47	5.34
Igf2bp3	-	1.51	1.34	1.14	-1.58	-2.18	-2.29	-2.89	-4.04	-60.55	-9.34	-2.01	1.08	-1.77	-2.57	-3.44	-4.29	-5.02	-6.72	-8.22	-11.34	-11.54	-11.93	1.2	1.28	-1.63	-2.34	-2.07
Ilf3	-	1.25	-1.03	-1.43	-1.81	-1.54	-1.33	-1.62	-1.6	-3.56	-2.91	-1.68	-1.4	-1.16	1.31	-2.15	-2.85	-2.7	-2.8	-2.7	-2.96	-2.92	-3.1	-2.89	-3.34	1.67	-1.51	-1.24
Khdrbs1	-	-1.37	-1.66	-2.05	-3.28	-4.31	-3.77	-5.3	-4.02	-4.85	-2.54	-2.63	-3.26	-3.44	-4	-2.5	-3.25	-3.42	-3.15	-3.56	-3.4	-3.4	-3.09	-2.24	-2.41	1.56	1.51	1.59
Khsrp	-	-1.13	-1.2	-1.37	-1.78	-1.74	-1.92	-1.97	-2.58	-3.8	-1.69	2.09	2.94	5.16	11.96	-1.68	-1.61	-1.71	-1.6	-1.79	-1.63	-1.63	-1.87	4.13	2.27	-	-	-
Larp1	-	1.07	1.14	-1	-1.13	-1.23	-1.3	-1.5	-1.99	-1.6	-1.46	-	-	-	-	-	-	-	-	-	-	-	-	-	-	2.02	2.37	2.83
Larp4	-	1.66	1.39	1.73	2.38	2.08	2.72	2.23	1.57	1.14	1.61	1.24	1.19	1.2	1.26	1.15	1.08	1.08	1.07	1.16	-1.02	1.01	-1.07	1.92	1.25	-	-	-
Larp4b	-	1.44	1.15	1.14	1.86	1.93	1.63	2.06	1.27	-1.19	1.8	-	-	-	-	-	-	-	-	-	-	-	-	-	-	2.33	3.78	3.11
Lrpprc	-	1.37	1.31	1.32	-1.27	-1.16	-1.39	-1.55	-1.86	-3.4	-2.38	-1.06	1.1	1.11	1.07	-1.04	-1.16	-1.2	-1.2	-1.09	-1.24	-1.24	-1.31	1.01	-1.07	-1.35	-1.67	-1.34
Lsm2	-	1.33	1.41	-1.18	-1.46	-3.59	-6.25	-4.85	-2.36	-6.81	-23.77	93.51	187.01	40.31	41.5	-1.08	-1.29	-1.32	-1.35	-1.19	-1.34	-1.36	-1.41	-2.65	-3.31	-1.74	-1.86	-2.43
Lsm3	-	1.1	-1.16	-1.48	-2.61	-1.97	-2.02	-2.11	-2.12	-2.41	-4	2.5	2.53	2.11	1.9	-1.81	-2.5	-2.32	-2.69	-1.84	-2.56	-2.34	-2.76	-	-	-2.69	-2.7	-2.89
Lsm5	-	1.28	-1.04	-1.33	-1.32	-2.99	-1.89	-4.53	-2.72	-9.12	-7.11	4.25	2.24	2.08	2.77	-2.7	-3.17	-2.87	-3.45	-2.69	-3.18	-2.98	-3.62	1.31	1.11	-12.13	-3.21	-5.52
Lsm8	-	-1.07	-1.39	-1.65	-2.04	-2.26	-4.19	-2.6	-2.24	-2.74	-2.15	1.24	1.17	-1.14	1.53	-2.14	-2.58	-2.32	-2.79	-2.12	-2.57	-2.47	-2.85	-	-	-2.22	-1.83	-2.24
Magoh	-	1.17	-1.04	-1.44	-1.7	-2.54	-2.07	-3.12	-1.93	-5.8	-9.75	5.19	5.61	8.87	5.29	-1.67	-1.93	-2	-2.07	-1.95	-2.27	-2.19	-2.05	2.66	2.65	-2.47	-1.64	-1.72
Magohb	-	1.12	-1.13	-1.55	-1.7	-2.05	-1.88	-2.97	-2.27	-2.4	-1.82	1.29	1.18	1.22	1.33	1.08	-1.01	-1	-1.02	1.06	-1.03	-1.01	-1.08	2.59	2.48	-1.07	-1.2	-1.17
Mars	-	1.23	1.11	-1.03	1.06	1.27	-1.21	-1.04	-1.25	-2.44	-1.37	1.76	1.39	1.03	1.22	1.32	1.21	1.18	1.25	1.12	-1.01	-1.01	1.18	-	-	-	-	-
Matr3	-	-1.19	-1.35	-1.42	-1.58	-1.95	-1.62	-2.08	-2.45	-2.34	-1.68	2.27	4.62	12.53	8.65	-1.86	-2.88	-2.59	-3.05	-1.76	-3.27	-2.72	-4.02	-	-	-1.37	-1.01	-1.11
Msi1	-	2.55	4.4	5.23	6.03	1.82	3.03	2.06	1.84	1.12	1.32	-	-	-	-	-	-	-	-	-	-	-	-	-	-	17.48	11.77	7.16
Myef2	-	-1.01	-1.11	-1.28	-1.58	-2.6	-1.75	-3.31	-2.72	-3.86	-1.81	1.16	1.18	1.24	1.28	-1.21	-1.37	-1.41	-1.42	-1.27	-1.44	-1.44	-1.61	1.38	1.16	2.77	1.91	1.33
Ncbp2	-	1.16	1.07	-1.05	-1.44	-1.61	-1.77	-2.03	-1.78	-2.31	-1.56	2.22	2.53	2.52	4.04	1.05	-1.35	-1.25	-1.39	1.05	-1.4	-1.41	-1.42	-	-	-1.15	-1.22	-1.35
Ncl	-	1.12	1.28	1.13	-1.64	-1.62	-2.6	-1.83	-1.94	-1.05	-5.74	2.21	5.2	4.23	3.74	-1.12	-1.6	-1.69	-1.72	1.14	-1.31	-1.08	-1.43	2.08	2.1	2.36	3.74	4.15
Nelfb	-	1.33	1.36	1.3	-1.19	-1.15	-1.21	-1.39	-1.29	-1.85	-1.3	-	-	-	-	-	-	-	-	-	-	-	-	-	-	1.3	-1.41	-1.6
Nhp2	-	1.11	-1.02	-1.25	-1.63	-1.95	-1.96	-2.3	-2.09	-2.19	-2.69	-	-	-	-	-	-	-	-	-	-	-	-	-	-	-2.91	-3.78	-3.82
Nhp2l1	-	-	-	-	-	-	-	-	-	-	-	1.08	-1.14	-1.06	-1.12	1.01	-1.08	-1.15	-1.19	-1.02	-1.17	-1.09	-1.12	-	-	-	-	-
Nifk	-	-1.03	1.14	1.01	-1.45	-1.78	-1.74	-2.31	-2.08	-3.16	-1.69	-	-	-	-	-	-	-	-	-	-	-	-	-	-	-2.09	-2.69	-3.2
Nono	-	-1.04	-1.11	-1.28	-2.42	-2.15	-2.03	-2.52	-2.04	-3	-1.93	37.19	84.62	85.63	98.16	1.07	-1.01	-1.05	-1.05	1.05	-1.01	-1.05	-1.06	12.56	14.58	-1.4	-1.81	-1.85
Npm1	-	-1.03	-1.09	-1.24	-2.36	-2.67	-2.63	-3.55	-3.61	-5.2	-4.04	1.34	5.68	4.9	4.21	-4.05	-5.94	-5.85	-7.98	-5.67	-7.66	-7.19	-10.6	1.26	1.66	-1.64	-1.23	-1.3
Nsun2	-	1.14	1.21	1.09	1.03	-1.05	-1.43	-1.17	-1.32	-1.29	-1.56	-1.13	-1.03	-1.01	-1.07	-1.04	-1.05	-1.02	-1.07	-1.12	-1.06	-1.1	-1.06	-1.55	-1.83	-1.56	-1.66	-1.98
Nudt16l1	-	-1.13	-1.22	-1.08	-1.08	1.21	-1.04	1.06	-1.46	-1.35	1.53	10.32	20.78	33.43	25.06	1.2	-1.13	-1.03	-1.25	1	-1.15	-1.09	-1.61	3.44	3.21	2	1.13	1.18
Nudt21	-	-1.01	-1.17	-1.27	-2.04	-2.03	-2.19	-2.41	-1.7	-2.61	-3.93	-1.56	-1.83	-2.25	-1.62	-1.89	-2.15	-2.26	-2.42	-2.09	-2.41	-2.35	-2.96	-1.79	-2.98	-5.71	-3.28	-3.74
Nxf1	-	1.37	1.29	-1.01	-1.75	-1.19	-1.12	-1.42	-1.8	-3.45	-2.3	-1.48	-1.5	-1.53	-1.58	1.08	-1.31	-1.34	-1.37	-1.23	-1.41	-1.45	-1.45	-1.58	-1.25	3.05	1.43	1.53
Pa2g4	-	1.24	1.26	1.16	1.36	-1.19	1.08	-1.39	1.01	-1.02	-4.38	-1.25	1.04	1.89	-1.45	1.33	-1.17	-1.25	-1.63	-1.48	-1.57	-1.53	-2.42	-1.42	-1.7	4.74	4.29	4.67
Pabpc1	-	1.06	1.22	1.26	1.59	1.57	1.62	1.62	1.21	1.1	1.11	-1.29	-2.64	-2.67	-4.23	4.14	1.78	1.64	1.79	3.65	1.31	1.32	-1.55	-3.06	-2.52	1.04	-1.34	-1.32
Pabpn1	-	1.01	1.01	-1.23	-1.67	-1.62	-1.16	-1.65	-1.72	-1.9	-1.2	-2.86	-2.25	-2	-2.7	-1.44	-1.66	-1.76	-1.93	-2.63	-2.2	-1.9	-3.02	-1.29	-1.32	-1.07	-2.01	-2.29
Papss1	-	-1.81	-1.69	-1.72	-1.96	-1.99	-2	-2.24	-2.09	-2.1	-1.52	-3.77	-3.94	-4.51	-3.79	-2.31	-2.28	-2.13	-2.17	-1.97	-1.7	-1.85	-2.15	1.05	-1.07	-2.31	-1.54	-1.6
Park7	-	1.02	1.04	1.16	1.28	1.61	1.39	1.69	1.52	3.56	2.07	-1.82	-1.04	-1.63	-1.58	2.39	2.37	2.23	3.04	4.16	3.11	3.43	4.66	-1.85	-1.92	5.77	4.82	4.7
Pcbp1	-	1.14	1.09	1.01	-1.28	-1.64	-1.42	-1.87	-1.72	-1.9	-1.71	-2.85	-8.09	-8.65	-9.03	-1.11	-1.43	-1.39	-1.16	-1.67	-1.28	-1.4	-1.47	-8.14	-4.99	-1.07	-1.97	-2.3
Pcbp2	-	1.16	1.3	1.22	-1.3	-1.74	-1.38	-1.86	-1.45	-1.28	-1.45	-1.3	1.06	2.12	3.95	-2.8	-2.56	-2.64	-2.47	-2.51	-2	-1.97	-1.49	-	-	-1.66	-1.95	-3.17
Pcbp4	-	1.16	-1.06	1.06	1.15	-1.41	-1.53	-1.51	-1.14	-2.36	-1.75	-2.24	-1.14	-1.89	1.12	-1.28	-1.73	-2.1	-2.58	-2	-2.97	-3.57	-2.83	-	-	-1.98	-2.27	-2.84
Pdcd4	-	1.84	1.99	1.92	2.15	2.35	2.23	2.59	1.54	2.79	3.29	23.7	40.34	99.66	150.44	2.15	1.8	1.98	1.73	1.79	1.8	1.82	3.92	4.67	5.41	8.23	8.94	8.1
Ppie	-	1.35	1.22	1.03	1.18	1.01	1.06	-1.27	1.14	-1.34	1.47	-1.99	-1.41	-1.74	-1.16	-1.16	-1.18	-1.28	-1.25	-1.46	-1.24	-1.27	-1.08	-	-	-6.13	-3.27	-2.82
Ppp1r8	-	1.16	1.05	-1.17	-1.65	-1.63	-2.44	-1.93	-1.38	-2.79	-2.99	-2.13	-2.62	-2.61	-2.61	-1.88	-1.93	-2.08	-2.04	-2.31	-2.2	-2.33	-2.47	-2.06	-4.11	1.04	-1.55	-2.44
Prkra	-	-1.27	-1.59	-1.91	-2.39	-3.3	-2.33	-4.66	-2.76	-3.26	-1.91	1.89	2.04	1.96	4.65	-2	-2.18	-2.14	-2.23	-2.05	-2.06	-1.99	-2.08	1.88	1.57	1.56	-2.03	-1.93
Prpf31	-	1.37	1.23	1.03	-1.88	-1.77	-2.06	-1.95	-1.66	-4.3	-2.42	-	-	-	-	-	-	-	-	-	-	-	-	-	-	7.86	7.39	7.52
Prpf8	-	1.71	1.6	1.3	-1.93	-1.18	-1.43	-1.33	-1.45	-2.54	-1.43	1.03	-1.6	-1.3	-1.45	-1.46	-1.55	-1.69	-1.73	-1.39	-1.7	-1.49	-1.63	-1.24	-1.37	-2.65	-3.67	-4.2
Pspc1	-	-1.45	-1.89	-2.51	-3.69	-5.73	-3.89	-6.48	-3.81	-6.64	-6.14	1.08	1.49	1.16	3.01	1.03	1.09	1.09	1.14	1.12	1.08	1.09	1.3	2.35	1.92	-2.48	-2.43	-4.05
Ptbp1	-	1.42	1.59	1.13	-2.09	-2.75	-2.93	-3.37	-1.97	-4.34	-16.62	1.13	1.06	-2.32	-1.36	-2.82	-4.09	-4	-4.91	-3.48	-4.72	-4.65	-5.39	1.2	1.2	-6.97	-7.01	-8.57
Ptbp3	-	-1.22	-1.73	-2.27	-1.73	-2.48	-1.65	-2.48	-3.05	-2.01	-1.72	-	-	-	-	-	-	-	-	-	-	-	-	-	-	2.23	3.39	2.59
Ptrf	-	-3.22	-2.37	-1.79	2.38	-1.2	-1.13	1.2	1.73	3.01	2.62	-1.22	-1.15	-1.11	-1.11	1.66	1.27	1.39	1.3	1.8	1.56	1.52	1.48	-	-	1.39	2.05	1.68
Puf60	-	1.02	1.3	1.23	-1.23	-1.3	-1.5	-1.42	-1.25	-2.64	-3.17	1.11	4.49	8.74	11.91	-1.18	-1.29	-1.39	-1.63	-2.01	-1.86	-1.93	-2.28	1.54	1.35	1.59	1.23	1.09
Raly	-	-1.4	-1.35	-2.06	-1.02	-4	-1.77	-3.42	-2.04	1.31	-2.72	-4.86	-4.97	-5.42	-2.57	-2.36	-2.57	-1.87	-1.81	-1.57	-1.49	-1.36	-1.06	-2.59	-1.43	1.64	1.55	1.55
Rbm3	-	-	-	-	-	-	-	-	-	-	-	1.01	1.02	-1.02	-1.07	-1.06	-1.06	-1.04	-1.01	-1.07	-1.07	-1.06	-1.07	-	-	-	-	-
Rbm38	-	1.05	1.41	1.33	2.83	2.86	1.26	3.22	2.45	-1.06	-2.1	-1.92	-1.97	-1.92	-1.77	1.31	1.27	1.29	1.2	-1.06	-1.04	1.03	-1.1	-1.21	-1.09	-1.51	-1.07	-1.39
Rbm39	-	1.25	1.24	1.05	-1.32	-1.33	-1.17	-1.27	-1.74	-1.68	-2.2	-	-	-	-	-	-	-	-	-	-	-	-	-	-	36.73	42.14	44.29
Rbm8a	-	-1	-1.35	-1.82	-2.23	-2.17	-2.86	-2.42	-2.26	-1.16	-2.27	2.21	2.05	6.53	3.14	1.12	-1.22	-1.15	-1.24	1.29	-1.24	-1.17	-1.01	2.06	3.55	-1.88	1.14	1.3
Rbmx	-	-1.44	-1.27	-1.47	-2.34	-1.99	-4.05	-2.38	-2.24	-3.83	-3.01	-1.54	-1.07	-1.36	1.29	-1.74	-2.01	-2.25	-2.35	-2.03	-2.36	-2.39	-2.25	1.08	-1.27	2.5	1.7	1.79
Rbmxl1	-	1.1	-1.12	-1.51	-2.94	-3.52	-2.92	-5.19	-2.83	-4.55	-3.38	-	-	-	-	-	-	-	-	-	-	-	-	-	-	-2.68	-2.84	-4.11
Rbp1	-	1.53	1.31	-1.41	-4.04	-5.25	-3.75	-6.73	-3.87	1.04	-6.19	-1.05	1.23	-1.36	1.09	-1.9	-1.68	-1.76	-1.41	-1.05	-1.16	-1.2	1.02	-	-	-1.17	-1.36	-1.02
Rnmt	-	1.07	-1.04	-1.07	-1.22	-1.38	-1.33	-1.64	-1.13	-2.18	-1.5	-	-	-	-	-	-	-	-	-	-	-	-	-1.19	-1.25	1.75	1.66	1.56
Rnps1	-	-1.07	-1.35	-1.17	-1.15	-1.85	-1.62	-2.16	-1.9	-1.64	-1.35	-3.22	-3.08	-2.95	-2.99	-1.53	-1.39	-1.59	-1.56	-1.94	-1.79	-1.85	-2.2	3.47	3.65	-1.13	-1.81	-2.73
Rpl12	-	1.09	1.04	1.07	-1.08	1.01	-1.06	-1.04	1.06	-1.09	-3.22	1.79	2.71	1.72	2.29	1.27	-1.09	-1.11	-1.03	1.27	1.07	-1.03	1.46	-	-	1.17	1.25	1.29
Rpl22	-	-1	-1	-1.03	-1.21	-1.12	-1.26	-1.19	-1.41	-1.94	-1.37	-1.2	-2.78	-3.38	-1.75	-1.2	-1.73	-1.44	-2.02	-1.72	-1.78	-1.41	-1.98	-1.77	-3.48	-1.01	1.14	1.32
Rpl7	-	-1.04	-1.01	1.01	-1.07	-1.14	-1.15	-1.14	-1.15	1.24	-1.2	-	-	-	-	-	-	-	-	-	-	-	-	-	-	-1.19	-1.19	-1.28
Rpl8	-	1.11	1.07	1.05	-1.11	-1.22	-1.42	-1.38	-1.17	1	-1.52	-	-	-	-	-	-	-	-	-	-	-	-	-	-	-1.41	-1.84	-1.95
Rps11	-	1.09	-1.03	-1.05	-1.17	-1.25	-1.25	-1.35	-1.35	-1.24	-1.32	-2.89	-3.3	-2.08	-3.35	-1.13	-1.78	-1.67	-1.78	-1.15	-1.53	-1.39	-1.32	-2.88	-3.27	-1.18	-1.97	-1.64
Rps3	-	1.05	1.14	1.1	-1.09	1.15	-1.18	1.08	-1.07	1.22	1.04	1.09	1.25	-1.07	-1.08	-1.04	-1.5	-1.52	-1.23	-1.08	1.06	1.21	-1.38	-2.65	-2.4	-1.11	-1.01	-1
Rps4x	-	-1	-1.04	1	-1.25	-1.16	-1.27	-1.22	-1.32	-1.01	-1.24	-4.54	-2.01	-2.16	-2.54	-1.15	-1.89	-1.83	-1.78	1.12	-1.3	-1.21	-1.12	-	-	-1.99	-1.67	-1.8
Rps9	-	1.04	1.07	1.12	-1.43	-1.24	-1.58	-1.36	-1.15	-1.43	-5.1	-3.65	-2.82	-2.91	-1.63	-1.34	-1.74	-1.97	-1.79	-1.86	-1.72	-1.63	-1.04	-1.72	-1.92	-1.31	-1.07	1.06
Safb	-	-1.01	-1.07	-1.27	-1.45	-1.83	-1.21	-1.87	-1.45	-2.98	-1.58	-	-	-	-	-	-	-	-	-	-	-	-	-	-	-2.66	-4.9	-5.02
Samd1	-	1.38	1.71	1.01	-1.11	-1.62	-1.45	-1.81	-1.63	-1.71	-2.39	1.03	-1.06	-1.05	-1.02	-1.09	-1.07	-1.05	-1.07	-1.06	-1.06	-1.08	-1.1	1.03	1.1	-	-	-
Sart3	-	1.39	1.33	-1.07	-1.8	-1.59	-1.75	-1.77	-1.62	-2.2	-2.22	-3.91	-1.09	1.07	1.42	-2.04	-2.89	-2.64	-3.01	-2.03	-2.89	-2.73	-3.36	-	-	-1.38	-2.61	-2.82
Sec23ip	-	1.07	-1.14	1	1.06	1.11	-1.09	1.06	-1.29	-1.88	-1.93	1.02	-1.07	1.02	-1.03	1.15	1.08	1.05	1	-1.01	-1.03	-1.04	-1.09	-1.63	-1.51	-1.37	1.01	-1.25
Serbp1	-	1.15	1.09	1.07	1.28	-1.22	1.12	-1.32	-1.5	-1.1	1.07	1.93	2.4	3.98	2.01	-4.51	-5.54	-5.12	-5.34	-4.48	-6.03	-5.76	-5.87	2.13	2.08	-3.02	1.02	1.17
Sf1	-	1	-1.22	-1.29	-1.7	-1.17	-1.49	-1.24	-1.78	-1.99	-1.07	-1.1	-1.07	1.17	1.34	-1.37	-1.41	-1.37	-1.34	-1.58	-1.52	-1.43	-1.15	-	-	3.92	4.06	4.38
Sf3a1	-	1.32	1.62	1.17	-1.45	-2.06	-1.83	-2.39	-2.32	-3.32	-2.37	-3.32	-2.56	-2.67	-1.81	-2.17	-2.8	-2.63	-2.91	-2.7	-3.08	-3.1	-3.26	-2.84	-2.93	2.36	3.05	4.48
Sf3b1	-	1.08	-1.12	-1.28	-2.13	-1.57	-1.43	-1.64	-1.69	-2.55	-1.87	-	-	-	-	-	-	-	-	-	-	-	-	-	-	-1.12	1.13	-1.03
Sf3b4	-	1.27	1.1	-1.12	-1.54	-1.61	-2.07	-1.69	-1.46	-2.76	-2.5	-5.97	-6.54	-6.12	-6.32	-1.41	-1.92	-2.17	-2.5	-2.6	-2.75	-2.74	-3	-7.44	-4.51	-5.66	-14.98	-21.26
Sf3b5	-	1.11	-1.05	-1.3	-1.45	-1.27	-1.46	-1.41	-1.63	-3.67	-2.11	-2.04	1.53	1.55	1.26	1.08	-1.14	-1.03	-1.34	-1.41	-1.45	-1.52	-1.83	1.08	1.37	-1.84	-1.78	-1.45
Sf3b6	-	-1.12	-1.25	-1.28	-1.54	-1.99	-1.64	-2.29	-1.39	-1.87	-4.02	-	-	-	-	-	-	-	-	-	-	-	-	-	-	-2.72	-1.25	-1.76
Sfpq	-	1.06	1.01	-1.28	-2.04	-3.69	-2.75	-4.75	-4.08	-10.08	-5.76	-	-	-	-	-	-	-	-	-	-	-	-	-	-	-1.38	-1.67	-2.81
Snrnp70	-	1.29	1.14	-1.04	-1.49	-2.07	-4.25	-2.23	-1.72	-6.68	-4.85	-	-	-	-	-	-	-	-	-	-	-	-	-	-	-3.26	-2.86	-2.28
Snrpa1	-	1.13	-1.26	-1.62	-2.18	-2.91	-2.6	-4.37	-4.3	-1.57	-1.88	-	-	-	-	-	-	-	-	-	-	-	-	-	-	-1.12	-2.91	-4.22
Snrpb2	-	-1.04	-1.21	-1.51	-1.85	-3.6	-2.1	-4.01	-2.15	-3.82	-10.85	1.03	1.13	1.18	1.17	1.06	1.01	-1.01	1.04	-1.01	1.02	1.02	1.07	1.52	1.32	-1.46	1.18	1.33
Snrpc	-	-1.07	-1.22	-1.63	-2.59	-2.17	-2.7	-2.54	-2.13	-3.74	-3.45	-	-	-	-	-	-	-	-	-	-	-	-	-	-	-2.24	-3.13	-3.45
Snrpd1	-	-	-	-	-	-	-	-	-	-	-	-1.59	-5.77	-6.11	-5.03	-2.73	-3.6	-4.23	-4.67	-4.6	-4.74	-4.49	-5	-5.18	-4.86	-	-	-
Snrpd2	-	-	-	-	-	-	-	-	-	-	-	-2.73	-2.88	-2.21	-2.85	-1.17	-1.47	-1.48	-1.6	-1.92	-1.83	-1.64	-1.68	-1.65	-1.91	-	-	-
Snrpd3	-	-1.16	-1.43	-1.52	-1.59	-2.66	-5.63	-3.43	-2.89	-5.72	-5.92	-4.59	-4.84	-3.18	-3.85	-1.59	-2.74	-2.34	-3.24	-2.23	-2.97	-3.2	-4.45	-1.96	-1.16	-2.46	-1.18	-1.26
Snrpe	-	1.01	-1.02	-1.15	-1.42	-1.67	-1.36	-1.95	-1.73	-4.41	-3.57	2.07	2.39	1.95	3.17	-1.03	-1.03	-1.02	-1.03	-1.01	1	-1.03	-1	5.89	4.8	-1.34	-1.8	-2.13
Son	-	1.49	1.3	1.09	-1.61	-1.25	1.34	-1.38	-1.39	-8.53	-1.83	1.12	-1.03	1.02	1.03	1.02	1.07	1.06	1.01	-1.04	-1.09	-1.1	-1.18	4.66	4.68	2.14	3.5	3.24
Srp14	-	1.07	1.36	1.64	2.61	2.13	2.39	2.14	1.5	1.92	3.62	4.03	6.35	26.87	22.94	3.69	2.6	2.89	2.44	2.9	2.21	2.69	1.87	2.38	2.38	2.94	3.82	3.21
Srp19	-	1.09	-1.17	-1.6	-1.65	-1.44	-1.18	-1.78	-1.55	-3.56	-2.07	1.74	2.03	1.47	1.45	-1.04	1.03	1.01	1.03	1.07	1.04	1.02	1.11	6.17	5.97	-1.26	1.14	1.22
Srrm1	-	1.19	-1.03	-1.24	-1.97	-1.89	-1.77	-2.01	-2.1	-2.22	-2.05	-	-	-	-	-	-	-	-	-	-	-	-	-	-	1.44	1.28	1.49
Srsf1	-	1.1	1.1	-1.08	-2.01	-2.93	-2.43	-3.69	-3.57	-4.04	-5.46	-	-	-	-	-	-	-	-	-	-	-	-	-	-	1.27	1.43	1.37
Srsf10	-	1.15	1.03	-1.11	-4.38	-3.26	-4.97	-3.27	-2.28	-3.87	-28.46	-	-	-	-	-	-	-	-	-	-	-	-	-	-	1.97	2.32	1.49
Srsf11	-	1.14	1.07	-1.11	-2.63	-2.35	-1.46	-2.55	-2.21	-3.44	-3.07	-	-	-	-	-	-	-	-	-	-	-	-	-	-	-3.46	-3.73	-4.64
Srsf2	-	1.06	1.07	-1.06	-2.06	-2.76	-2.95	-3.62	-2.76	-4.19	-9.42	-	-	-	-	-	-	-	-	-	-	-	-	-	-	-1.81	-1.86	-2.41
Srsf3	-	1.1	-1.01	-1.18	-2.89	-3.34	-3.09	-4.13	-2.57	-3.14	-5.82	-	-	-	-	-	-	-	-	-	-	-	-	-	-	1.09	1.3	1.09
Srsf5	-	1.42	1.41	1.34	-2.45	-1.36	-2.04	-1.32	-1.35	-2.14	-4.43	-	-	-	-	-	-	-	-	-	-	-	-	-	-	-1.61	-1.09	1.61
Srsf6	-	1.31	1.34	1.23	-1.9	-1.58	-1.45	-1.92	-1.82	-2.22	-4.12	-	-	-	-	-	-	-	-	-	-	-	-	-	-	-1.01	1.15	1.28
Srsf7	-	1.08	-1.18	-1.62	-4.23	-3.82	-3.81	-4.84	-3.24	-7.35	-6.25	-	-	-	-	-	-	-	-	-	-	-	-	-	-	-1.4	-1.88	-1.95
Srsf9	-	1.24	1.22	-1.3	-1.8	-2.97	-3.23	-3.79	-2.48	-4.49	-2.26	-	-	-	-	-	-	-	-	-	-	-	-	-	-	-2.67	-3.54	-3.93
Ssb	-	1.26	1.2	-1.19	-2.66	-3.8	-3.21	-4.61	-2.61	-5.49	-5.3	11.69	21.22	39.56	55.56	-1	-1.04	-1.03	-1.03	-1.03	1.02	-1.01	-1.03	12.82	10.13	1.21	1.93	1.98
Syncrip	-	-1.31	-1.11	-1.13	-1.94	-2.73	-3.14	-2.95	-1.94	-5.03	-4.48	-1.94	-2.61	-2.37	-2.13	-1.84	-1.94	-1.89	-2.03	-1.26	-1.84	-1.56	-1.92	-2.68	-2.92	1.54	1.88	1.6
Taf15	-	6.78	4.16	3	2.61	4.09	6.98	2.95	1.05	-1.13	5.22	-2.34	-1.95	-1.94	-1.65	-1.68	-1.61	-1.1	-1.07	-1.42	-1.08	-1.03	-1.4	2.64	4.61	-	-	-
Tardbp	-	1.29	1.19	-1.14	-3.32	-3.85	-2.33	-4.27	-3.13	-4.47	-13.47	1.04	1.08	1.24	1.22	1.07	1.1	1.08	1.03	-1.03	-1.02	-1.03	-1.06	2.42	3.19	-1.02	-1.16	-1.4
Tdrd7	-	7.54	9.4	38.21	79.34	107.41	86.58	115.84	103.39	92.8	59.84	-1.34	-1.34	-1.12	-1.21	75.85	97.75	99.46	105.49	82.14	68.55	69.74	93.18	-	-	29.08	39.95	32.54
Tdrkh	-	-1.39	-1.01	1.8	1.99	2.24	1.87	2.23	2.4	3.89	-1.05	-1.51	-1.28	-1.32	-1.27	2.39	1.86	2.05	1.9	2.96	2.43	2.44	2.03	-2.11	-3.17	-	-	-
Thumpd1	-	1.59	1.64	1.8	-1.05	-1.23	-1.64	-1.45	1.25	-1.38	-3.89	-1.8	1.1	1.65	-1	-2.04	-1.51	-1.6	-1.73	-1.81	-1.69	-1.64	-2.06	-1.03	-1.88	-1.45	1.31	1.62
Thumpd3	-	1.39	1.19	1.49	1.27	1.36	1.22	1.18	-1.12	1.01	1.35	-1.05	-1.39	-1.37	-1.34	1.14	1.07	1.05	1.05	1.04	-1.03	-1.06	-1.04	-	-	1.14	-1.38	-1.47
Tial1	-	1.52	1.69	1.63	1.63	1.77	2.19	1.86	1.57	1.79	1.1	-1.08	-1.03	1.04	-1.03	1.41	1.24	1.28	1.23	1.71	1.33	1.36	1.08	1.31	-1.04	2.95	2.98	3.36
Tnrc6b	-	1.5	1.35	3.11	7.2	5.32	7.84	6.9	4.49	1.06	1.8	1.23	2.17	1.46	1.18	1.28	1.13	1.08	1.09	1.09	1.08	1.07	1.01	2.48	4.4	2.14	2.1	2.01
Tst	-	3.04	2.16	1.52	1.43	1.34	1.82	1.68	2.62	6.56	1.51	1.2	-1.04	1.06	-1.02	1.62	1.77	2.03	2.84	3.2	4.92	4.11	2.65	-1.46	-1	1.57	1.59	1.53
U2af1	-	1.21	1.1	1.21	-1.38	-1.56	-3.81	-1.79	-1.74	-3.72	-3.1	-1.16	1.16	1.43	1.07	1.13	1.09	-1.11	-1.13	-1.2	-1.29	-1.3	-1.26	-	-	-6.04	-1.98	-2.17
U2af2	-	1.14	1.21	1.08	-1.37	-1	-1.32	-1.15	-1.26	-2.01	-1.39	1.17	-1.07	1.07	-1.1	1.06	-1.17	-1.13	-1.24	-1.23	-1.2	-1.21	-1.3	1.19	-1.23	-1.63	-4.29	-4.87
Upf1	-	1.24	1.28	1.06	1.57	-1.23	-1.27	-1.39	-1.43	-1.65	-1.33	2.57	1.29	1.97	2.36	-1.02	-1.15	-1.05	-1.06	-1.06	-1.12	-1.08	-1.05	3.08	3.54	49.83	31.26	25.14
Xpo1	-	1.15	-1.1	-1.36	-2.13	-1.66	-1.76	-2.14	-2.27	-2.35	-1.73	-	-	-	-	-	-	-	-	-	-	-	-	-	-	1.26	-1.08	-1.13
Xpo5	-	1.86	1.89	1.38	-1.17	-1.24	-1.25	-1.52	-1.49	-2.65	-1.51	-1.05	-1.12	-1.12	-1.06	-1.14	-1.19	-1.18	-1.19	-1.11	-1.2	-1.21	-1.3	-1.15	-1.05	-3.58	-4.19	-5.52
Xpot	-	1.42	1.56	1.81	1.28	1.11	-1.03	-1.15	-1.41	-2	-1.07	-3.05	-2.36	-1.35	-1.45	-1.13	-1.43	-1.46	-1.86	-1.56	-1.91	-1.74	-2.01	-1.62	-1.85	1.32	-1.36	-1.29
Yars	-	1.02	-1	1.02	1.17	1.56	-1.08	1.22	1.07	-1.07	-2.04	1.02	-1.02	1.03	-1.02	1.02	1.01	-1.01	1.02	-1.02	-1.02	-1.02	-1.01	-	-	1.09	-1.1	-1.39
Ybx1	-	1.27	1.27	1.08	-1.67	-1.34	-1.48	-1.41	-1.6	-1.39	-1.51	-	-	-	-	-	-	-	-	-	-	-	-	-	-	-3	-1.87	-1.7
Ybx3	-	-1.16	-1.14	-1.11	1.14	-1.03	-1.29	-1.11	-1.63	-1.08	-1.07	-	-	-	-	-	-	-	-	-	-	-	-	-	-	2.16	3.09	2.63
Zc3h15	-	1.13	1.01	1.06	-2.27	-1.41	-1.34	-1.5	-1.73	-1.54	-1.89	10.01	13.87	15.38	34.82	1.44	-1.15	1.05	-1.18	1.4	-1.32	-1.19	-1.55	3.65	3.21	-1.2	1.03	-1.1
Zc3h18	-	1.57	1.36	-1.14	-2.09	-1.71	-1.44	-2.01	-2.25	-4.88	-2.2	-2.97	-2.6	-2.81	-2.76	-2.1	-2.17	-2.22	-2.27	-2.5	-2.33	-2.2	-2.52	-3.38	-3.72	-2.41	-1.92	-2.65
Zranb2	-	1.23	1.12	1.15	1.19	1.42	1.34	1.27	1.06	1.15	1.21	-2.82	-2.33	-1.32	-1.64	-1.33	-1.6	-1.6	-1.79	-1.44	-1.93	-1.7	-2.39	-1.17	1	1.82	2.07	1.83